F0varsemi_a;mjitter_a;mshimmer_a;apq_a;ppq_a;mlogE_a;hnr_a;degreeU_a;duration_a;label
2,486991994;12,24569153;5,010747536;6,573502974;3,821366649;14,43417807;13,56991403;3,563459218;6,423729167;1
0,872641014;4,349860823;5,665223164;7,02730033;1,21395976;15,4030022;13,91148256;3,223995509;5,937709751;1
4,054391509;11,90227508;4,463038008;5,690750578;3,169444938;18,80076882;20,53591734;0,562194362;13,20154195;1
0,615361432;5,519034378;6,141614978;6,364884846;1,495004987;16,96401473;11,89686024;5,539000121;5,791020408;1
4,666668178;2,98392374;3,521966084;4,662560176;4,656319912;16,40641538;19,11082902;0,444749884;8,116938776;1
5,931534535;3,174058484;3,479461266;4,49927772;3,155818218;16,81421954;20,1122246;0,250369792;10,6238322;1
0,453270053;2,189450458;5,042732624;5,848243998;1,488295842;19,57705606;15,11467299;0,419682755;8,677414966;1
0,604226832;1,393892894;4,664062114;5,971150053;0,840325429;14,87941079;18,29869834;0,259756741;22,51380952;1
1,030777342;10,14185954;4,439844255;5,687170167;1,231505981;19,74319956;15,49095857;8,068757106;12,24650794;1
0,207529518;7,716474286;3,613158585;5,010841147;0,667192196;22,20300355;13,52994508;4,808637315;8,413197279;1
6,389219221;4,34186079;4,533858435;5,31149088;4,30299187;18,61603749;15,32175792;0,333216752;11,80015873;1
0,597119721;1,585997514;5,842082365;6,6136204;0,858357021;15,79536378;8,899538564;1,149928417;9,376575964;1
0,349096121;1,908877385;3,805727085;4,667906294;0,715843293;20,63697839;18,89268036;0,561405191;13,24024943;1
0,763624657;4,502207221;4,231207999;5,754275147;1,276724188;11,9341982;16,08362709;1,270529464;35,80657596;1
0,620993708;1,318036623;3,609133341;4,219675457;0,791656763;18,94852378;23,73848585;1,173913337;3,359183673;1
1,259652619;8,487007577;9,089944227;14,51697778;4,635684357;18,00818237;15,95244248;0,500772086;15,16943311;1
1,939367484;10,64361958;10,14376054;15,36066673;5,518746757;16,07210131;11,17930831;0,502639498;6,194126984;1
0,258376558;1,49910813;3,220748279;4,32416455;0,86435482;15,33260009;19,12755846;0,451066624;6,630861678;1
5,606161501;3,704614208;9,906419885;13,33441865;3,465166117;17,26559547;16,5546097;0,674276613;4,271043084;1
1,115933714;9,818245803;4,888606168;5,676510764;1,4288541;16,20535793;9,817869793;1,759795558;5,927437642;1
1,257178647;7,802836396;7,474731299;9,456866767;2,562831649;12,42792093;10,36699765;8,070039854;8,978707483;1
3,903549263;10,15407156;6,9168355;8,444735646;4,344929873;13,25491082;16,26307244;4,13046611;10,4085941;1
224,7481176;2,799616782;3,512207154;3,969921733;4,516747772;0,743654963;17,96897257;21,61298266;2,188762223;1
229,029859;0,435146997;0,78541213;3,140039555;3,98883158;0,50482434;21,82359879;21,83823047;0,634136928;1
253,4924222;1,073173184;3,785067516;3,000549934;3,460363418;0,558261091;18,83330583;19,30713604;1,152691467;1
155,8307731;6,31989106;9,1069344;3,410953157;4,126618415;9,76172112;17,63226768;20,24443416;2,473565034;1
263,8176872;3,337512126;4,400040394;2,815192381;3,53164876;6,930527338;19,38824332;21,11479276;0,322636643;1
193,3894693;5,406412375;4,557286174;4,418949803;5,771444659;5,36445449;17,68807487;17,45840424;0,912299794;1
142,5169562;6,535357611;7,606434947;3,5045787;4,839369518;7,637441554;17,04731375;14,64235229;0,890998976;1
257,863447;1,258972845;1,764997184;3,323035337;3,144370711;0,608792126;20,29905689;26,57119688;1,026977103;1
164,3088723;5,880557641;2,842425675;4,034220928;4,359714301;4,102497698;18,00829106;16,51905941;0,461300222;1
221,7900155;3,365070782;3,474882227;4,465255068;5,994351736;4,77442972;20,72227721;19,71586501;0,303310406;1
174,9132909;6,378437469;2,865072774;3,77950823;4,564351366;2,924466653;17,80013531;18,26874134;1,093596231;1
168,820733;6,352296992;1,656669898;5,768876014;7,923576995;1,799174445;20,7021404;17,95903892;0,597634184;1
200,4361179;3,190679265;6,370221507;4,494974605;5,517031031;9,230115335;21,46442797;19,30976957;0,776363479;1
162,486419;7,351151274;12,43071132;5,466955383;6,91675101;14,03595269;18,40471227;11,88559043;0,436763079;1
206,5559996;3,955649298;3,523499413;5,328327759;6,488160736;4,775027336;13,30258307;15,23020224;0,392098393;1
204,2453325;2,048101737;2,091602982;3,739138884;3,24243118;1,036247873;22,41653527;21,60316125;0,772053634;1
203,4445698;6,441200682;6,514565029;5,182831448;5,038519602;2,812192731;18,61943146;17,36265434;2,490666167;1
0,421531623;1,593120999;4,49507152;6,001593974;1,009426656;17,33267432;19,34096206;0,287467125;9,173945578;2
1,426349221;35,77878448;10,40501239;12,99203174;4,783106199;19,37134932;14,2023237;8,735549133;1,153395833;2
0,408878954;0,928571059;2,558738174;3,227922746;0,570784883;20,09920478;23,5183595;0,316618716;8,573729167;2
4,261586431;3,77724968;7,227176442;11,10261266;6,473949559;20,07763083;19,83388412;0,79111918;4,1081875;2
0,577315155;1,192070476;5,509927623;7,512285662;0,736124626;20,70469842;23,91302329;0,302182636;11,0084127;2
4,542962821;3,277796782;4,261195866;5,274558119;3,778460134;20,98937632;19,2984717;0,421559568;6,7238322;2
0,440602248;1,340674925;4,026122438;5,392731009;0,78311156;17,48839464;19,85786235;0,451793003;6,395875;2
0,565559446;1,61459948;7,120594665;9,07985464;0,956869398;18,29345382;15,24800438;0,958389703;3,295520833;2
2,597140129;2,924738308;3,352390289;3,607568925;3,067242002;13,91658786;14,36201551;0,544485489;11,58975;2
0,279074798;1,247368328;6,024520249;8,510439518;0,661377628;22,39749299;19,43605943;0,528264895;4,973125;2
0,214255936;0,955513686;3,752965713;4,194311089;0,618314521;16,41705081;24,16550759;0,786203953;3,807916667;2
0,712434966;1,073187186;4,041281993;5,318817085;0,746850004;18,76468724;16,03183617;0,365086931;7,823541667;2
3,844235747;2,070623067;3,782108739;4,643777699;3,084529494;14,82160693;14,23926676;0,335204625;9,726708333;2
0,271118358;0,955245804;4,001331103;4,56526918;0,665444235;15,81859799;13,89137414;0,250352373;12,41589583;2
5,282126839;6,902803017;8,116395366;10,64314891;14,2434537;18,02547849;13,40206849;0,528432716;5,215958333;2
0,256438352;0,795841025;4,417060023;6,247762503;0,361712457;23,31080709;25,85748985;0,871044319;3,34375;2
0,674260607;3,124196474;4,868097794;6,457967266;2,260984526;24,41941062;19,85583382;1,710039818;1,7580625;2
1,002410787;2,15967328;6,022542731;8,50800249;1,38694806;21,89497005;22,46107666;0,79343127;4,427006803;2
0,418832942;4,207236726;6,082136508;7,230113136;0,879572019;17,04435317;16,61297588;1,874183682;6,857913832;2
0,429333758;4,05966428;8,441493831;11,58786609;1,306653328;16,9616745;10,01380554;0,39356274;10,3383125;2
12,02835759;28,3446875;6,562099729;8,436173524;8,21049608;13,12607705;12,5901517;4,068419351;6,591632653;2
0,719998945;8,190606367;7,512876541;9,28796741;1,876797065;17,44023184;13,98264374;8,764147905;6,83015873;2
0,332269894;1,819884486;4,92361653;7,528430715;0,81582355;16,72421509;12,43787161;0,471837124;6,6451875;2
0,752574648;3,35254915;7,113739905;10,19681855;2,225212838;15,25546184;13,00014576;0,33036902;10,94741667;2
0,275221191;0,741104445;3,467182106;4,479838944;0,510242907;21,46506613;22,43067665;0,696244644;3,913916667;2
1,135206137;3,289675804;5,412401436;7,265865616;2,095791361;17,22168538;15,35815979;0,332752922;14,11839583;2
0,191083918;0,885936582;4,27796409;4,219739808;0,492288838;17,0495675;11,07642827;0,523665323;6,226208333;2
0,681351557;7,215191592;9,139472376;11,84921764;1,991342301;16,45531985;8,844692716;4,057163226;5,143270833;2
0,227444658;0,998095858;2,952786087;3,826127784;0,565567707;17,96983562;21,83531705;0,559602258;5,640229167;2
0,554751945;4,539219981;4,063902428;5,492871161;0,970577642;15,65624087;21,23801566;0,832988019;13,77585417;2
0,242338325;1,112110595;3,247133952;3,912892771;0,599551126;19,42630391;20,7183729;0,359728903;8,090645833;2
0,243656342;2,562808587;2,9582994;3,658063428;0,793538001;20,73897054;21,18119341;0,948009009;9,684854167;2
1,311868153;17,46934805;3,828689178;5,436971204;3,724757777;15,83601732;11,9805459;12,59017872;4,066208333;2
0,176947329;0,965241898;2,982515615;3,662432315;0,518255325;21,1207826;19,25123315;0,479059383;5,570875;2
0,18874305;0,9265904;2,697476572;3,61435907;0,579937803;19,64989902;21,48628108;0,424681372;9,733922902;0
0,757657652;2,815694371;5,577567658;7,46119882;1,930769382;18,45029768;20,11587628;0,395608848;11,7225;0
0,168200877;0,734798842;3,141867382;3,827761406;0,511735484;16,23833486;20,44909942;0,630589607;5,718916667;0
0,141845213;0,805205999;2,823787461;3,767438589;0,533126018;21,85230184;21,68080962;0,332582116;8,95775;0
0,503459712;1,111748147;4,414997636;5,546556481;0,685220576;11,48524598;16,45974007;0,347156648;7,501479167;0
0,459611067;1,850929495;3,349483734;3,458660992;1,154791877;18,22729858;22,85246518;0,573954715;5,608083333;0
0,139622103;0,576248752;3,049898133;4,258997134;0,340338314;21,62711091;22,85262297;0,517935929;4,670041667;0
0,227968555;0,930856568;3,307279064;4,495481904;0,527845455;16,88379614;21,3609389;0,512582628;4,491208333;0
2,946156565;2,97527752;3,670070164;4,741389667;2,782891394;15,56970549;21,74472464;0,325500563;8,011451247;0
0,344754172;2,833293612;2,829800391;3,309823654;0,738062918;18,9204842;18,73291331;1,849845271;12,49365079;0
0,18942387;1,090905568;2,911683172;3,935394573;0,724237972;20,06777388;24,24508919;0,31898339;9,646643991;0
0,467254918;4,851447046;3,950515259;4,611447872;1,129586579;17,85225406;12,14625369;3,486809249;6,215791667;0
0,245671851;1,197355122;4,622025061;5,005492239;0,85044314;15,6363413;18,23484467;1,158448025;5,4221875;0
0,545867666;1,013620415;2,457960456;2,626242169;0,562706989;16,51487385;23,09843704;0,761318334;4,107520833;0
